bin_lower,bin_upper,count,mean_probability,observed_rate
0.0,0.1,12101,0.013783679,0.015783819519048014
0.1,0.2,314,0.14520894,0.16878980891719744
0.2,0.3,29,0.24958324,0.3793103448275862
0.3,0.4,11,0.35488793,0
0.4,0.5,6,0.46703508,0
0.5,0.6,9,0.5235897,0
0.6,0.7,3,0.6366582,0.3333333333333333
0.7,0.8,3,0.7410016,0
0.9,1.0,1,0.92035097,0
