{
  "Task": "NextQuarterStateEntry",
  "ExperimentId": "c92724142bb44f9b8cb574fe5cc94a71",
  "Selected": {
    "Trainer": 1,
    "ValidationMetrics": {
      "RocAuc": 0.8560134805520936,
      "PrAuc": 0.0766624777235476,
      "LogLoss": 0.06984755121330866,
      "LogLossReduction": 0.103070412604233,
      "Accuracy": 0.9409891148367225,
      "Precision": 0.0967948717948718,
      "Recall": 0.352803738317757,
      "F1": 0.15191146881287726,
      "Specificity": 0.9499342642930747,
      "TruePositive": 151,
      "TrueNegative": 26734,
      "FalsePositive": 1409,
      "FalseNegative": 277,
      "Prevalence": 0.014980224703370551,
      "PredictedPositiveRate": 0.05460081901228518,
      "BrierScore": 0.015381088860557501,
      "Threshold": 0.08
    },
    "TestMetrics": {
      "RocAuc": 0.822051629878897,
      "PrAuc": 0.11116877746872178,
      "LogLoss": 0.08478450526355251,
      "LogLossReduction": 0.16566054949465892,
      "Accuracy": 0.9431754428147792,
      "Precision": 0.13875598086124402,
      "Recall": 0.33984375,
      "F1": 0.1970554926387316,
      "Specificity": 0.9558137631945013,
      "TruePositive": 87,
      "TrueNegative": 11681,
      "FalsePositive": 540,
      "FalseNegative": 169,
      "Prevalence": 0.02051775266490342,
      "PredictedPositiveRate": 0.050252464534743926,
      "BrierScore": 0.019493891468666875,
      "Threshold": 0.08
    },
    "TrainingDurationMs": 880,
    "ScoringDurationMs": 63,
    "ConfigurationJson": "{\u0022seed\u0022:17,\u0022threshold\u0022:0.5}",
    "ArtifactVersion": "NextQuarterStateEntry-real-next-quarter-entry-v1-2-1-FastTree-62C607C646",
    "ApprovalStatus": 1,
    "Warnings": []
  },
  "Baselines": [
    {
      "Name": "OverallPrevalence",
      "ValidationMetrics": {
        "RocAuc": 0.4342297565072372,
        "PrAuc": 0.01673555624420997,
        "LogLoss": 0.07787406299771385,
        "LogLossReduction": 2.8543889474264006E-10,
        "Accuracy": 0.9850197752966294,
        "Precision": 0,
        "Recall": 0,
        "F1": 0,
        "Specificity": 1,
        "TruePositive": 0,
        "TrueNegative": 28143,
        "FalsePositive": 0,
        "FalseNegative": 428,
        "Prevalence": 0.014980224703370551,
        "PredictedPositiveRate": 0,
        "BrierScore": 0.01475787176428199,
        "Threshold": 0.08
      },
      "TestMetrics": {
        "RocAuc": 0.40648333299239015,
        "PrAuc": 0.05708578741105484,
        "LogLoss": 0.10161871780361624,
        "LogLossReduction": 1.0641804104594144E-09,
        "Accuracy": 0.9794822473350966,
        "Precision": 0,
        "Recall": 0,
        "F1": 0,
        "Specificity": 1,
        "TruePositive": 0,
        "TrueNegative": 12221,
        "FalsePositive": 0,
        "FalseNegative": 256,
        "Prevalence": 0.02051775266490342,
        "PredictedPositiveRate": 0,
        "BrierScore": 0.020145366175210705,
        "Threshold": 0.08
      }
    },
    {
      "Name": "HistoricalStateEntryRate",
      "ValidationMetrics": {
        "RocAuc": 0.4342297565072372,
        "PrAuc": 0.01673555624420997,
        "LogLoss": 0.07787406299771385,
        "LogLossReduction": 2.8543889474264006E-10,
        "Accuracy": 0.9850197752966294,
        "Precision": 0,
        "Recall": 0,
        "F1": 0,
        "Specificity": 1,
        "TruePositive": 0,
        "TrueNegative": 28143,
        "FalsePositive": 0,
        "FalseNegative": 428,
        "Prevalence": 0.014980224703370551,
        "PredictedPositiveRate": 0,
        "BrierScore": 0.01475787176428199,
        "Threshold": 0.08
      },
      "TestMetrics": {
        "RocAuc": 0.40648333299239015,
        "PrAuc": 0.05708578741105484,
        "LogLoss": 0.10161871780361624,
        "LogLossReduction": 1.0641804104594144E-09,
        "Accuracy": 0.9794822473350966,
        "Precision": 0,
        "Recall": 0,
        "F1": 0,
        "Specificity": 1,
        "TruePositive": 0,
        "TrueNegative": 12221,
        "FalsePositive": 0,
        "FalseNegative": 256,
        "Prevalence": 0.02051775266490342,
        "PredictedPositiveRate": 0,
        "BrierScore": 0.020145366175210705,
        "Threshold": 0.08
      }
    }
  ],
  "SelectedThreshold": 0.08,
  "trainingRows": 102163,
  "validationRows": 28571,
  "testRows": 12477,
  "trainLaunches": 147,
  "validationLaunches": 66,
  "testLaunches": 48,
  "CensoredRows": 31260,
  "DatasetHash": "84B973AFF0545C987B52C525F0CBAB607C293BEFC1D5EBCC87ED6769DECB0C36",
  "SplitManifestHash": "1E6909E1CA6F92D8CBA7944CDBC03E765B3042BE8744F16F6ACECDE18A9DE748"
}